{
  "mappings": [{
    "indices": ["index1", "index2"],
    "types": ["Dragon"]
  }],
  "types": [{
    "type": "Dragon",
    "fields": [
      {
        "field": "address",
        "histogram":
        {
          "histogramType": "string",
          "prefixSize": "2",
          "interval":"3",
          "firstCharCode":"97",
          "numOfChars":"26"
        }
      },
      {
        "field": "name",
        "histogram":
        {
          "histogramType": "manual",
          "dataType":"string",
          "buckets":[
            {
              "start":"a",
              "end": "d"
            },
            {
              "start":"e",
              "end": "g"
            },
            {
              "start":"h",
              "end": "z"
            }
          ]
        }
      }
    ]
  }]
}