{
  "mappings": [{
    "indices": ["index1", "index2"],
    "types": ["Dragon"]
  }],
  "types": [{
    "type": "Dragon",
    "fields": [
      {
      "field": "age",
      "histogram": {
        "histogramType": "numeric",
        "min": 10,
        "max": 100,
        "numOfBins": 10
      }
      },
      {
        "field": "name",
        "histogram":
        {
          "histogramType": "string",
          "prefixSize": 3,
          "interval":10,
          "firstCharCode":"97",
          "numOfChars":26
        }
      },
      {
        "field": "address",
        "histogram":
        {
          "histogramType": "manual",
          "dataType":"string",
          "buckets":[
            {
              "start":"abc",
              "end": "dzz"
            },
            {
              "start":"efg",
              "end": "hij"
            },
            {
              "start":"klm",
              "end": "xyz"
            }
          ]
        }
      },
      {
        "field": "color",
        "histogram":
        {
          "histogramType": "composite",
          "dataType": "string",
          "autoBuckets":{
            "histogramType": "string",
            "prefixSize": 3,
            "interval":10,
            "firstCharCode":"97",
            "numOfChars":26
          },
          "manualBuckets":[
            {
              "start":"00",
              "end": "11"
            },
            {
              "start":"22",
              "end": "33"
            },
            {
              "start":"44",
              "end": "55"
            }
          ]
        }
      }
    ]
  }]
}