{
  "ont": "Dragons",
  "entityTypes": [
    {
      "eType": "Person",
      "name": "Person",
      "properties": [
        "firstName",
        "lastName",
        "gender",
        "birthDate",
        "deathDate",
        "height",
        "name"
      ]
    },
    {
      "eType": "Horse",
      "name": "Horse",
      "properties": [
        "name",
        "weight",
        "maxSpeed",
        "distance"
      ]
    },
    {
      "eType": "Dragon",
      "name": "Dragon",
      "properties": [
        "name",
        "power",
        "gender",
        "color"
      ]
    },
    {
      "eType": "Kingdom",
      "name": "Kingdom",
      "properties": [
        "name",
        "king",
        "queen",
        "independenceDay",
        "funds"
      ]
    },
    {
      "eType": "Guild",
      "name": "Guild",
      "properties": [
        "name",
        "description",
        "iconId",
        "url",
        "establishDate"
      ]
    }
  ],
  "relationshipTypes": [
    {
      "rType": "own",
      "name": "own",
      "directional": true,
      "ePairs": [
        {
          "eTypeA": "Person",
          "eTypeB": "Dragon"
        },
        {
          "eTypeA": "Person",
          "eTypeB": "Horse"
        }
      ],
      "properties": [
        "startDate",
        "endDate"
      ]
    },
    {
      "rType": "know",
      "name": "know",
      "directional": true,
      "ePairs": [
        {
          "eTypeA": "Person",
          "eTypeB": "Person"
        }
      ],
      "properties": [
        "startDate"
      ]
    },
    {
      "rType": "memberOf",
      "name": "memberOf",
      "directional": true,
      "ePairs": [
        {
          "eTypeA": "Person",
          "eTypeB": "Guild"
        }
      ],
      "properties": [
        "startDate",
        "endDate"
      ]
    },
    {
      "rType": "fire",
      "name": "fire",
      "directional": true,
      "ePairs": [
        {
          "eTypeA": "Dragon",
          "eTypeB": "Dragon"
        }
      ],
      "properties": [
        "temperature",
        "timestamp"
      ]
    },
    {
      "rType": "freeze",
      "name": "freeze",
      "directional": true,
      "ePairs": [
        {
          "eTypeA": "Dragon",
          "eTypeB": "Dragon"
        }
      ],
      "properties": [
        "startDate",
        "endDate"
      ]
    },
    {
      "rType": "originatedIn",
      "name": "originatedIn",
      "directional": true,
      "ePairs": [
        {
          "eTypeA": "Dragon",
          "eTypeB": "Kingdom"
        }
      ],
      "properties": [
        "startDate"
      ]
    },
    {
      "rType": "subjectOf",
      "name": "subjectOf",
      "directional": true,
      "ePairs": [
        {
          "eTypeA": "Person",
          "eTypeB": "Kingdom"
        }
      ],
      "properties": [
        "startDate"
      ]
    },
    {
      "rType": "registeredIn",
      "name": "registeredIn",
      "directional": true,
      "ePairs": [
        {
          "eTypeA": "Guild",
          "eTypeB": "Kingdom"
        },
        {
          "eTypeA": "Dragon",
          "eTypeB": "Guild"
        },
        {
          "eTypeA": "Horse",
          "eTypeB": "Guild"
        }
      ],
      "properties": [
        "startDate"
      ]
    }
  ],
  "properties": [
    {
      "pType": "firstName",
      "name": "firstName",
      "type": "string"
    },
    {
      "pType": "lastName",
      "name": "lastName",
      "type": "string"
    },
    {
      "pType": "gender",
      "name": "gender",
      "type": "TYPE_Gender"
    },
    {
      "pType": "birthDate",
      "name": "birthDate",
      "type": "date"
    },
    {
      "pType": "deathDate",
      "name": "deathDate",
      "type": "string"
    },
    {
      "pType": "name",
      "name": "name",
      "type": "string"
    },
    {
      "pType": "height",
      "name": "height",
      "type": "int"
    },
    {
      "pType": "weight",
      "name": "weight",
      "type": "int"
    },
    {
      "pType": "maxSpeed",
      "name": "maxSpeed",
      "type": "int"
    },
    {
      "pType": "distance",
      "name": "distance",
      "type": "int"
    },
    {
      "pType": "establishDate",
      "name": "establishDate",
      "type": "date"
    },
    {
      "pType": "description",
      "name": "description",
      "type": "string"
    },
    {
      "pType": "iconId",
      "name": "iconId",
      "type": "string"
    },
    {
      "pType": "url",
      "name": "url",
      "type": "string"
    },
    {
      "pType": "king",
      "name": "king",
      "type": "string"
    },
    {
      "pType": "queen",
      "name": "queen",
      "type": "string"
    },
    {
      "pType": "independenceDay",
      "name": "independenceDay",
      "type": "string"
    },
    {
      "pType": "funds",
      "name": "funds",
      "type": "float"
    },
    {
      "pType": "color",
      "name": "color",
      "type": "TYPE_Color"
    },
    {
      "pType": "date",
      "name": "date",
      "type": "date"
    },
    {
      "pType": "startDate",
      "name": "startDate",
      "type": "date"
    },
    {
      "pType": "endDate",
      "name": "endDate",
      "type": "date"
    },
    {
      "pType": "temperature",
      "name": "temperature",
      "type": "int"
    },
    {
      "pType": "timestamp",
      "name": "timestamp",
      "type": "date"
    },
    {
      "pType": "power",
      "name": "power",
      "type": "int"
    },
    {
      "pType": "id",
      "name": "id",
      "type": "string"
    },
    {
      "pType": "type",
      "name": "type",
      "type": "string"
    }
  ],
  "enumeratedTypes": [
    {
      "eType": "TYPE_Gender",
      "values": [
        {
          "val": 0,
          "name": "MALE"
        },
        {
          "val": 1,
          "name": "FEMALE"
        },
        {
          "val": 2,
          "name": "OTHER"
        }
      ]
    },
    {
      "eType": "TYPE_Color",
      "values": [
        {
          "val": 0,
          "name": "RED"
        },
        {
          "val": 1,
          "name": "BLUE"
        },
        {
          "val": 2,
          "name": "GREEN"
        },
        {
          "val": 3,
          "name": "YELLOW"
        }
      ]
    }
  ]
}