{
    "PATH" : "/",
    "NUMBER_OF_STORY_YEARS" : 10 ,
    "LIFE_EXPECTANCY" : 50,
    "MAX_NUMBER_OF_OFFSPRINGS" : 5,
    "MIN_AGE_4_HAVING_OFFSPRINGS" : 5 ,
    "MAX_HORSES_PER_ENTITY" : 10,
    "MAX_DRAGONS_PER_ENTITY" : 5,
    "MAX_GUILD_PER_ENTITY" : 2,
    "MAX_HEIGHT_4_PERSON" : 200,
    "MIN_HEIGHT_4_PERSON" : 130,
    "MALE_PROBABILITY" : 45,
    "NUMBER_OF_KINGDOMS" : 3 ,
    "NUMBER_OF_GUILD" : 5,
    "INIT_PEOPLE_POPULATION" : 50,
    "TOTAL_NUMBER_OF_HORSES" : 100,
    "TOTAL_NUMBER_OF_DRAGONS" : 50,
    "COUPLE_OF_DRAGONS_THAT_PLAY_EACH_DAY" : 5,
    "MAX_NUMBER_OF_SPITS_IN_DRAGON_PLAY" : 4,
    "MAX_NUMBER_OF_PEOPLE_PERSON_KNOWS" : 5,
    "CHANCE_OF_DRAGON_SPIT_FIRE" : 50 ,
    "POPULATION_GROWTH_PERCENTAGE" : 2,
    "ANIMALS_GROWTH_PERCENTAGE" : 2,
    "MAX_GROWTH" : 100 ,
    "WATCH_DOG_COUNTER" : 1000000
}
