{
  "nodes": {
    "default": {
      "total": 100000,
      "selectivity": 1,
      "defaultFilter": 100
    },
    "Relation": {
      "total": 10000000,
      "selectivity": 1,
      "defaultFilter": 1000,
      "id": 10000000,
      "entityAId": 50000,
      "entityBId": 50000,
      "category": 1000,
      "context": 2000
    },
    "Entity": {
      "total": 10000,
      "selectivity": 1,
      "defaultFilter": 100,
      "id": 10000,
      "category": 500,
      "context": 250,
      "logicalId": 10000
    },
    "Evalue": {
      "total": 1000000,
      "selectivity": 1,
      "defaultFilter": 2500,
      "combiners":["fieldId","bdt"],

      "fieldId": {
        "fields": {
          "title": 3000,
          "nicknames": 5000
        },
        "combiners":{
          "intValue": 50000,
          "stringValue": 50000,
          "dateValue": 50000,
          "floatValue": 50000
        }
      },
      "bdt": {
        "fields": {
          "title": 3000,
          "nicknames": 5000
        },
        "combiners":{
          "intValue": 50000,
          "stringValue": 50000,
          "dateValue": 50000,
          "floatValue": 50000
        }
      },
      "id": 1000000,
      "logicalId": 1000000,
      "context": 50000,
      "refs": 500000
    },
    "Insight": {
      "total": 1000,
      "selectivity": 1,
      "defaultFilter": 100,
      "id": 1000,
      "entityIds": 1000,
      "refs": 250,
      "context": 250,
      "content": 500,
      "logicalId": 1000
    },
    "Reference": {
      "total": 5000,
      "selectivity": 1,
      "defaultFilter": 100,
      "id": 5000,
      "url": 5000,
      "content": 3000,
      "system": 1000
    },
    "edges": {
      "hasEvalue": 10000000,
      "hasEvalueReference": 100000,
      "hasInsight": 50000,
      "hasInsightReference": 50000
    }
  },
  "operators": {
    "eq": 1.0,
    "like": 0.6,
    "likeAny": 0.4,
    "inSet": 0.5,
    "contains": 0.8
  },
  "ignore": {
    "like": "[*]+",
    "likeAny": "[*]+"
  }
}