{
  "maxScore":2000,
  "rules":[
        {
         "score":180,
         "node":"Entity",
         "filter":["logicalId","id"]
        },
        {
         "score":170,
         "node":"Insight",
         "filter":["id","entityIds","logicalId"]
        },
        {
         "score":160,
         "node":"Reference",
         "filter":["id","url","id"]
        },
        {
         "score":150,
         "node":"Evalue",
         "filter":["id","logicalId"]
        },
        {
         "score":140,
         "node":"Relation",
         "filter":["entityAId","entityBId","id"]
        },
        {
         "score":130,
         "node":"Insight",
         "filter":["content"]
        },
        {
         "score":120,
         "node":"Reference",
         "filter":["content"]
        },
        {
         "score":110,
         "node":"Evalue",
         "filter":["fieldId","bdt"],
         "combined":["intValue","stringValue","dateValue","floatValue"]
        },
        {
         "score":100,
         "node":"Evalue",
         "filter":["intValue","stringValue","dateValue","floatValue"]
        },
        {
         "score":90,
         "node":"Insight"
        },
        {
         "score":80,
         "node":"Entity",
         "filter":["category","context"]
        },
        {
         "score":70,
         "node":"Evalue",
         "filter":["fieldId","bdt","context","refs"]
        },
        {
         "score":60,
         "node":"Reference",
         "filter":["system"]
        },
        {
         "score":50,
         "node":"Insight"
        },
        {
         "score":40,
         "node":"Entity"
        },
        {
         "score":30,
         "node":"Evalue"
        },
        {
         "score":20,
         "node":"Reference"
        },
        {
         "score":10,
         "node":"Relation"
        }
  ],
  "operators": {
    "eq": 1.0,
    "like": 0.6,
    "likeAny": 0.4,
    "inSet": 0.5,
    "contains": 0.8
  }
}