{
  "entities": [
    {
      "type": "own",
      "partition": "time",
      "props": {
        "partition.field":"startDate",
        "prefix":"own",
        "index.format":"own%s",
        "date.format":"yyyyMM",
        "values": ["200001","200002","200003", "200004", "200005", "200006", "200007", "200008",
                    "200009", "200010", "200011", "200012" ]
      }
    },
    {
      "type": "know",
      "partition": "time",
      "props": {
        "partition.field":"startDate",
        "prefix":"pr",
        "index.format":"pr%s",
        "date.format":"yyyyMM",
        "values": ["200001","200002","200003", "200004", "200005", "200006", "200007", "200008",
                            "200009", "200010", "200011", "200012" ]
      }
    },
    {
      "type": "memberOf",
      "partition": "time",
      "props": {
        "partition.field":"startDate",
        "prefix":"pr",
        "index.format":"pr%s",
        "date.format":"yyyyMM",
        "values": ["200001","200002","200003", "200004", "200005", "200006", "200007", "200008",
                                    "200009", "200010", "200011", "200012" ]
      }
    },
    {
      "type": "fire",
      "partition": "time",
      "props": {
        "partition.field": "timestamp",
        "prefix":"dp",
        "index.format":"dp%s",
        "date.format":"yyyyMM",
        "values": ["200001","200002","200003", "200004", "200005", "200006", "200007", "200008",
            "200009", "200010", "200011", "200012" ]
      }
    },
    {
      "type": "freeze",
      "partition": "time",
      "props": {
        "partition.field":"startDate",
        "prefix":"dp",
        "index.format":"dp%s",
        "date.format":"yyyyMM",
        "values": ["200001","200002","200003", "200004", "200005", "200006", "200007", "200008",
                    "200009", "200010", "200011", "200012" ]
      }
    },
    {
      "type": "originatedIn",
      "partition": "time",
      "props": {
        "partition.field":"startDate",
        "prefix":"ors",
        "index.format":"ors%s",
        "date.format":"yyyyMM",
        "values": ["200001","200002","200003", "200004", "200005", "200006", "200007", "200008",
                            "200009", "200010", "200011", "200012" ]
      }
    },
    {
      "type": "subjectOf",
      "partition": "time",
      "props": {
        "partition.field":"startDate",
        "prefix":"ors",
        "index.format":"ors%s",
        "date.format":"yyyyMM",
        "values": ["200001","200002","200003", "200004", "200005", "200006", "200007", "200008",
                            "200009", "200010", "200011", "200012" ]
      }
    },
    {
      "type": "registeredIn",
      "partition": "time",
      "props": {
        "partition.field":"startDate",
        "prefix":"ors",
        "index.format":"ors%s",
        "date.format":"yyyyMM",
        "values": ["200001","200002","200003", "200004", "200005", "200006", "200007", "200008",
                            "200009", "200010", "200011", "200012" ]
      }
    },
    {
      "type": "Dragon",
      "partition": "static",
      "props": {
        "values": ["dragons"]
      }
    },
    {
      "type": "Person",
      "partition": "static",
      "props": {
        "values": ["people"]
      }
    },
    {
      "type": "Horse",
      "partition": "static",
      "props": {
        "values": ["horses"]
      }
    },
    {
      "type": "Guild",
      "partition": "static",
      "props": {
        "values": ["misc"]
      }
    },
    {
      "type": "Kingdom",
      "partition": "static",
      "props": {
        "values": ["misc"]
      }
    }
  ]
}