{
  "entities": [
    {
      "type": "memberOf",
      "redundant": [
        {
           "redundant_name": "entityB.id",
           "name": "id",
           "type": "string"
        },
        {
           "redundant_name": "entityB.type",
           "name": "type",
           "type": "string"
        },
        {
           "redundant_name": "entityB.firstName",
           "name": "firstName",
           "type": "string"
        },
        {
           "redundant_name": "entityB.name",
           "name": "name",
           "type": "string"
        }
      ]
    },
    {
      "type": "subjectOf",
      "redundant": [
        {
           "redundant_name": "entityB.id",
           "name": "id",
           "type": "string"
        },
        {
           "redundant_name": "entityB.type",
           "name": "type",
           "type": "string"
        },
        {
          "redundant_name": "entityB.firstName",
          "name": "name",
          "type": "string"
        }
      ]
    },
    {
      "type": "registeredIn",
      "redundant": [
        {
           "redundant_name": "entityB.id",
           "name": "id",
           "type": "string"
        },
        {
           "redundant_name": "entityB.type",
           "name": "type",
           "type": "string"
        },
        {
          "redundant_name": "entityB.name",
          "name": "name",
          "type": "string"
        }
      ]
    },
    {
      "type": "know",
      "redundant": [
        {
           "redundant_name": "entityB.id",
           "name": "id",
           "type": "string"
        },
        {
           "redundant_name": "entityB.type",
           "name": "type",
           "type": "string"
        },
        {
          "redundant_name": "entityB.firstName",
          "name": "name",
          "type": "string"
        }
      ]
    },
    {
      "type": "originatedIn",
      "redundant": [
        {
           "redundant_name": "entityB.id",
           "name": "id",
           "type": "string"
        },
        {
           "redundant_name": "entityB.type",
           "name": "type",
           "type": "string"
        },
        {
          "redundant_name": "entityB.name",
          "name": "name",
          "type": "string"
        }
      ]
    },
    {
      "type": "own",
      "redundant": [
        {
           "redundant_name": "entityB.id",
           "name": "id",
           "type": "string"
        },
        {
           "redundant_name": "entityB.type",
           "name": "type",
           "type": "string"
        },
        {
          "redundant_name": "entityB.name",
          "name": "name",
          "type": "string"
        }
      ]
    },
    {
      "type": "fire",
      "redundant": [
            {
              "redundant_name": "entityB.id",
              "name": "id",
              "type": "string"
            },
            {
              "redundant_name": "entityB.type",
              "name": "type",
              "type": "string"
            },
            {
              "redundant_name": "entityB.name",
              "name": "name",
              "type": "string"
            },
            {
              "redundant_name": "entityB.color",
              "name": "color",
              "type": "string"
            }
          ]
        },
    {
      "type": "freeze",
      "redundant": [
            {
              "redundant_name": "entityB.id",
              "name": "id",
              "type": "string"
            },
            {
              "redundant_name": "entityB.type",
              "name": "type",
              "type": "string"
            },
            {
              "redundant_name": "entityB.name",
              "name": "name",
              "type": "string"
            }
      ]
    }]
}